data.name,data.selftext,data.title,game title,data.url,data.thumbnail,nav_bar
t3_17wpuc7, ,Furina dances with the Traveler,Genshin_impact,https://www.reddit.com/r/Genshin_Impact/comments/17wpuc7/furina_dances_with_the_traveler/,,Discussions
t3_17em5cr, ,When Neuvillette uses charged attack at the urinal...,Genshin_impact,https://v.redd.it/vgt307mysyvb1,https://v.redd.it/vgt307mysyvb1,Discussions
t3_17pmbt8, ,Furina Posing as the Other Archons in the Recent Demo,Genshin_impact,https://i.redd.it/cdnztijgsuyb1.jpg,https://i.redd.it/cdnztijgsuyb1.jpg,Discussions
t3_17qgzab,was trying to get a screenshot of her getting past 100k hp lol,"Apparently, there seems to be an HP cap for characters",Genshin_impact,https://i.redd.it/cp98ij1x03zb1.png,https://i.redd.it/cp98ij1x03zb1.png,Discussions
t3_17v5wvw, ,massive IQ,Genshin_impact,https://i.redd.it/uzyqdf6sac0c1.jpg,https://i.redd.it/uzyqdf6sac0c1.jpg,Discussions
t3_17nv2fu, ,Activision may have copied Left 4 Dead 2 assets and plopped them in MW3,l4d2,https://i.redd.it/s9q3mul88eyb1.png,https://i.redd.it/s9q3mul88eyb1.png,Discussions
t3_17qzjot, ,So I went as the Witch for Halloween...,l4d2,https://www.reddit.com/gallery/17qzjot,,Discussions
t3_17nh3ws, ,"Finally, a mod worth using",l4d2,https://v.redd.it/j35d2eiajayb1,https://v.redd.it/j35d2eiajayb1,Discussions
t3_17r5xhq, ,elis,l4d2,https://i.redd.it/ta2pputoc9zb1.jpg,https://i.redd.it/ta2pputoc9zb1.jpg,Discussions
t3_17ya3r0,"Finally after at least 2 months of obsessing over this game, I have drawn one of the characters. I adore Rochelle and I thought shed really fit the pose ref I found. I think my favorite part of the drawing was her hair, figuring out the easiest ways to draw her twists was really fun! I hope you like it!",ROCHELLE,l4d2,https://i.redd.it/s2u4r400v41c1.jpg,https://i.redd.it/s2u4r400v41c1.jpg,Discussions
t3_17xlchp, ,Was making a vitamin drink and reminded me of something,Eldenring,https://i.redd.it/whx4iv7p9y0c1.jpg,https://i.redd.it/whx4iv7p9y0c1.jpg,Discussions
t3_17j1woe, ,Yall are wild,Eldenring,https://i.redd.it/cj01iz03y4xb1.jpg,https://i.redd.it/cj01iz03y4xb1.jpg,Discussions
t3_17ug97t, ,I'm a comedy genius,Eldenring,https://i.redd.it/hyocpqdpk50c1.png,https://i.redd.it/hyocpqdpk50c1.png,Discussions
t3_180caue, ,Honestly same.,Eldenring,https://i.redd.it/lncfcoijvn1c1.jpg,https://i.redd.it/lncfcoijvn1c1.jpg,Discussions
t3_17y3krl, ,My Radagon cosplay,Eldenring,https://www.reddit.com/gallery/17y3krl,https://www.reddit.com/gallery/17y3krl,Discussions
t3_17xa7pw, ,What do you guys think on my base? ( Survival ),Minecraft,https://i.redd.it/42n9wkyw7v0c1.png,https://i.redd.it/42n9wkyw7v0c1.png,Discussions
t3_17ysvso,And this happend,Why. its took 1h to find it,Minecraft,https://i.redd.it/gvftz6vmp91c1.png,https://i.redd.it/gvftz6vmp91c1.png,Discussions
t3_17jtycy, ,Minecraft but there are way MORE ladders. For each wood type and some other materials.,Minecraft,https://i.redd.it/rq8ooddaicxb1.png,https://i.redd.it/rq8ooddaicxb1.png,Discussions
t3_17zinjo,Ive been always asking myself this question on why we cant make little minecart train with chain item. Even MC story mode and MC dungeons had them but the base game doesnt? We need a new update to make these more useful to give a full reason to use the carts a Carts &amp; Rails update is what we need.,You ever wonder why we cant make mine-cart trains?,Minecraft,https://i.redd.it/s4dyo0b6bg1c1.jpg,https://i.redd.it/s4dyo0b6bg1c1.jpg,Discussions
t3_17suy33,"My sons level is quite high. Not sure how this came about, but hes asked me to “post it on the Internet, Dad!",My son asked me to post his level. Hes 8.,Minecraft,https://i.redd.it/4c17rk4z5qzb1.jpg,https://i.redd.it/4c17rk4z5qzb1.jpg,Discussions
t3_17jdjql,"Its horrible, who has the idea of INCREASING even more the revival. It wasnt long enough with the 10 sec waiting, now you have a 5 second animation as well ???

If they reduced the revive time to 5 sec and have this new 5 sec animation, it would still be total 10 sec and I'd be ok with it.",I hope they delete the new 5 seconds extra of delay when respawing.,Farlight84,https://www.reddit.com/r/Farlight84/comments/17jdjql/i_hope_they_delete_the_new_5_seconds_extra_of/,,Discussions
t3_17gyr7z,Is it just me or has the game been very laggy and buggy since the update. I no longer see player animations during the hero selection screen either,Thoughts so far on the update?,Farlight84,https://www.reddit.com/r/Farlight84/comments/17gyr7z/thoughts_so_far_on_the_update/,,Discussions
t3_17gwxv1,"Like wtf? Am I expected to solo every squads I come across?? I get the game isnt huge, but 60 players isnt difficult, come on.",Can I stop getting bots as teammates in Ace games???,Farlight84,https://www.reddit.com/r/Farlight84/comments/17gwxv1/can_i_stop_getting_bots_as_teammates_in_ace_games/,,Discussions
t3_17t0i06, ,Maggie even more real,Farlight84,https://i.redd.it/lyb05a08irzb1.png,https://i.redd.it/lyb05a08irzb1.png,Discussions
t3_17jjap1,I hope the next map they will release next year will be night theme and maybe a cyberpunk theme too where the skins of the capsulers will pop out more during night cycle,It would be Nice to have Night theme map,Farlight84,https://www.reddit.com/r/Farlight84/comments/17jjap1/it_would_be_nice_to_have_night_theme_map/,,Discussions
t3_17y9roh, ,Here's what happens when two Iso ult at the same time. :D,VALORANT,https://v.redd.it/30ywt4wqr41c1,https://v.redd.it/30ywt4wqr41c1,Discussions
t3_17z3hcj, ,BROKEN Gekko Lineup on Sunset (must watch),VALORANT,https://v.redd.it/2tt0qhkalc1c1,https://v.redd.it/2tt0qhkalc1c1,Discussions
t3_17xjn9a,Credit: @jeremyfps on TikTok,Playing for time,VALORANT,https://v.redd.it/pn4h4672wx0c1,https://v.redd.it/pn4h4672wx0c1,Discussions
t3_17w5m0j, ,May I present to you... the Silver ranked experience,VALORANT,https://v.redd.it/zd8fkatf6l0c1,https://v.redd.it/zd8fkatf6l0c1,Discussions
t3_17lq8do, ,You can steal Yoru's fake out with Iso's ult.,VALORANT,https://v.redd.it/0xdcll30stxb1,https://v.redd.it/0xdcll30stxb1,Discussions
t3_17ec0es, ,10 years ago now. Help me find the dude that reacted. [BO2],CallOfDuty,https://v.redd.it/q8gxmle5pvvb1,https://v.redd.it/q8gxmle5pvvb1,Discussions
t3_17xgytk, ,[MW3] MW3 better than MWIII,CallOfDuty,https://i.redd.it/ne5kfmtfax0c1.png,https://i.redd.it/ne5kfmtfax0c1.png,Discussions
t3_17idw8t,"After almost a week of hounding them to get me my account back, I heard nothing for the past 3 days and then I get this.

Quite frankly it's unacceptable and absurd that someone was able to steal my account and delete it so easily.

But also, why? Why steal it just to do that?

And why aren't Activision able to recover a delete account?","Ladies and gentlemen, I give you Activision Support! [COD]",CallOfDuty,https://i.redd.it/uai9azui4ywb1.jpg,https://i.redd.it/uai9azui4ywb1.jpg,Discussions
t3_17k0w6k, ,[MW2] this scene gives me the chills,CallOfDuty,https://v.redd.it/rueihbwf0exb1,https://v.redd.it/rueihbwf0exb1,Discussions
t3_17ns5t5, ,[COD] OG trilogy vs New trilogy,CallOfDuty,https://www.reddit.com/gallery/17ns5t5,https://www.reddit.com/gallery/17ns5t5,Discussions
t3_17f6g3o, ,what just happened,counterstrike,https://v.redd.it/83yljgu3j3wb1,https://v.redd.it/83yljgu3j3wb1,Discussions
t3_17uystr, ,200 IQ play,counterstrike,https://v.redd.it/qc1g8d9oaa0c1,https://v.redd.it/qc1g8d9oaa0c1,Discussions
t3_17tuffk, ,Counter Strike 2 bad servers,counterstrike,https://v.redd.it/yp14sl22kzzb1,https://v.redd.it/yp14sl22kzzb1,Discussions
t3_17go7bp, ,what about this huh ?,counterstrike,https://v.redd.it/y0yez7kr3hwb1,https://v.redd.it/y0yez7kr3hwb1,Discussions
t3_17q3gtm, ,allways check this corner!,counterstrike,https://v.redd.it/63k28no3izyb1,https://v.redd.it/63k28no3izyb1,Discussions
t3_17qbdui, ,This is the PUBG clip that made me install the game back in 2017. What made you start playing PUBG?,PUBG,https://v.redd.it/escyw8mda1zb1,https://v.redd.it/escyw8mda1zb1,Discussions
t3_17jt5k2, ,Panzerfausting a guy,PUBG,https://v.redd.it/mx8k3lp9bcxb1,https://v.redd.it/mx8k3lp9bcxb1,Discussions
t3_17gdhla, ,Imagine you're at the comeback arena and a guy comes and kills you from 1800 meters with a fucking explosive flying car,PUBG,https://v.redd.it/ut498vhtlewb1,https://v.redd.it/ut498vhtlewb1,Discussions
t3_17utctn,"I thought I was totally screwed as it was just me with 2 other teams and one of them saw me from far away so I ran behind a small hill and found the other team so I instantly started crawling and waiting as if I was playing metal gear
The adrenaline/stress level was quite high",One of my best chicken dinners ever,PUBG,https://v.redd.it/v6hnjuprh80c1,https://v.redd.it/v6hnjuprh80c1,Discussions
t3_17nytiz, ,Woke up. Benjoi just uploaded a new ninja video. Dr. Disrespect is streaming PUBG. Feels like 2018 all over again. Good old times,PUBG,https://v.redd.it/n7pmwemq2fyb1,https://v.redd.it/n7pmwemq2fyb1,Discussions
t3_17q02hr, ,Taught this guy a lesson for buying Lightning McQueen and supporting Epic!,RocketLeague,https://v.redd.it/c42ptz62syyb1,https://v.redd.it/c42ptz62syyb1,Discussions
t3_17pcorf, ,Lightning McQueen revealed,RocketLeague,https://v.redd.it/1rwnmgalisyb1,https://v.redd.it/1rwnmgalisyb1,Discussions
t3_17kmf3m,Im plat in 1s by the way,My batteries died. Does this count for save of the day?,RocketLeague,https://v.redd.it/86yw4veotjxb1,https://v.redd.it/86yw4veotjxb1,Discussions
t3_17qn4u6, ,When you're trying to boycott Rocket League's item shop but they KACHOW you,RocketLeague,https://v.redd.it/dxpv4wosy4zb1,https://v.redd.it/dxpv4wosy4zb1,Discussions
t3_17gin34, ,Crazy 38 second 0 second goal during my a night sesh,RocketLeague,https://v.redd.it/p8opdhcwofwb1,https://v.redd.it/p8opdhcwofwb1,Discussions
t3_17nu745, ,Posted here a couple of weeks ago about my girlfriend installing FM24 and having it ready for me when I got home from work on launch day  Well today I signed her up to a new contract extension!,footballmanagergames,https://www.reddit.com/gallery/17nu745,,Discussions
t3_17v07r1, ,Tom Kelsey . I know you're in here . Show yourself,footballmanagergames,https://i.redd.it/cj42sob4ta0c1.jpg,https://i.redd.it/cj42sob4ta0c1.jpg,Discussions
t3_17t6fct, ,Sold Bruno Fernandes for 165M and the Glazers took my money,footballmanagergames,https://i.redd.it/2ulo6wi3uszb1.png,https://i.redd.it/2ulo6wi3uszb1.png,Discussions
t3_17mrr0w, ,Look at this hidden gem I found. What a player,footballmanagergames,https://i.redd.it/14v1rjuzx3yb1.jpg,https://i.redd.it/14v1rjuzx3yb1.jpg,Discussions
t3_17hir42, ,"Courtois is ""Hurt"" that he wasn't selected. He's injured for 8 months with an ACL tear.",footballmanagergames,https://i.redd.it/igi3rzmhfpwb1.png,https://i.redd.it/igi3rzmhfpwb1.png,Discussions
t3_17yux8f, ,Weibo Gaming vs. T1 / 2023 World Championship - Final / Post-Match Discussion,leagueoflegends,https://www.reddit.com/r/leagueoflegends/comments/17yux8f/weibo_gaming_vs_t1_2023_world_championship_final/,,Discussions
t3_17r2bwb,"In his latest [patch run down](https://www.youtube.com/watch?v=8pxSxtrcB1w&amp;t=6067s), he is saying in a condescending manner that you can actually type in chat ""Karthus Ult"" instead of pinging it if you want to make your teammate aware of a kill opportunity.

Completely ignoring various complex situations that could arise: 

- You could be in a teamfight in which you do not have the time to type ""Karthus Ult"" while for example chasing, disengaging, anticipating flanks, and so on (you rather want to conveniently press Tab &gt; ping the Ult)

- There are many players who have their chat muted since they do not want to experience the toxicity and blaming that is going on, rather focusing on the game itself (So, how you gonna tell that Karthus to Ult, should I spam my pings in his face so that he certainly won't think that I am flaming him?)

It just shows that Phreak, whom I have nothing against since I think that he gets too much heat just by being a popular figure in the Balance Team, instead of thinking in-depth about the negatives of the ping changes which are stifiling necessary communication in a team game; rather, he is doubling down with such an oversimplified, contemptuous reaction statement towards criticism. 

The player base is not able to properly communicate in a video game that is team based to the core, and instead of creating a safe space for everybody and everything, we should rather find solutions that do not restrict its most crucial communication tools, but rather combat the real issues why there is so much in-game misbehaviour. 

And this boils down to an easy answer that has a very simple, but telling message: 

""I can mute your chat and pings, but I can not mute you from running it down and therefore ruining peoples games"". 

These negative behaviours occur because of the years of neglience towards the issues by not actually barring players from Ranked Mode who run it down, rage quit, intentional feed, and therefore nearly always getting away with it while ruining countless other games along the way. And the only ""revenge"", if you can call it that, is the community then using profane language and abusing communication tools to somehow get their frustration out since for years you guys are not doing anything about it in the first place!","Phreak stating that you can type ""Karthus Ult"" instead of pinging it underlines his sheer oversimplification of the use of communication",leagueoflegends,https://www.reddit.com/r/leagueoflegends/comments/17r2bwb/phreak_stating_that_you_can_type_karthus_ult/,,Discussions
t3_17ywrr1,"https://m.fmkorea.com/index.php?mid=lol&amp;sort_index=pop&amp;order_type=desc&amp;document_srl=6413111618&amp;listStyle=webzine

Perhaps this will keep all the weirdos from wanting Faker to retire right? Right?

Now if we can just get Zeus Guma and Keria to sign 10 year contracts",Faker: “I will continue with T1 and have no plans to retire.,leagueoflegends,https://www.reddit.com/r/leagueoflegends/comments/17ywrr1/faker_i_will_continue_with_t1_and_have_no_plans/,,Discussions
t3_17rmzll, ,Arcane | Season 2 Teaser | November 2024 on Netflix,leagueoflegends,https://v.redd.it/5tcofauwzdzb1,https://v.redd.it/5tcofauwzdzb1,Discussions
t3_17i9e7l, ,NRG vs. G2 Esports / 2023 World Championship - Swiss Round 4 Advancement / Post-Match Discussion,leagueoflegends,https://www.reddit.com/r/leagueoflegends/comments/17i9e7l/nrg_vs_g2_esports_2023_world_championship_swiss/,,Discussions
t3_17ek7dt, ,Trying to convince your Kunkka to buy an aghs,DotA2,https://i.redd.it/e0a0rbh6dyvb1.jpg,https://i.redd.it/e0a0rbh6dyvb1.jpg,Discussions
t3_17jgjcz,"Spirit defeats Gaimin with a score of 3-0!

Congratulations to Spirit !!!

BTW they had just 4% dota plus win probability in the last game and managed to make a comeback!",Congratulations to the Winners of the International 12!!!,DotA2,https://www.reddit.com/r/DotA2/comments/17jgjcz/congratulations_to_the_winners_of_the/,,Discussions
t3_17jim21, ,When you are in the wrong neighborhood,DotA2,https://v.redd.it/264iocngx8xb1,https://v.redd.it/264iocngx8xb1,Discussions
t3_17jbyxp, ,Karen is gone. Beast is back. Long live the beast.,DotA2,https://i.redd.it/2j8e0vmsc7xb1.png,https://i.redd.it/2j8e0vmsc7xb1.png,Discussions
t3_17gmnzy, ,Opinion: It's hard to cheer for new pro players these days because the pro scene lacks content,DotA2,https://i.redd.it/orcyqlyhogwb1.jpg,https://i.redd.it/orcyqlyhogwb1.jpg,Discussions
t3_17oh1to, ,THIS IS NOT WHAT I MEANT,Sims4,https://i.redd.it/92mbe2w6fkyb1.jpg,https://i.redd.it/92mbe2w6fkyb1.jpg,Discussions
t3_17xhgs7, ,"Genetics are crazy because DAMN, she looks NOTHING like her parents.",Sims4,https://i.redd.it/ltjk9i7cex0c1.png,https://i.redd.it/ltjk9i7cex0c1.png,Discussions
t3_17mzzyp, ,Its 2023 and The Sims is finally getting dabbing,Sims4,https://i.redd.it/692mdyld16yb1.jpg,https://i.redd.it/692mdyld16yb1.jpg,Discussions
t3_17w2t2t, ,Not models. Not dolls. Just women.,Sims4,https://www.reddit.com/gallery/17w2t2t,,Discussions
t3_17u8nam,Disclaimer: I like all four packs and this is just meant as a joke.,Am I the only one that thinks this?,Sims4,https://www.reddit.com/gallery/17u8nam,,Discussions
t3_17yrxtq, ,Did a Reina artwork,Tekken,https://i.redd.it/dwbkxqd2e91c1.jpg,https://i.redd.it/dwbkxqd2e91c1.jpg,Discussions
t3_17u31xv, ,T8 new character Reina announced,Tekken,https://www.reddit.com/gallery/17u31xv,,Discussions
t3_17ga65g, ,"Someone plugged on me, so I checked their Steam profile... (nsfw)",Tekken,https://i.redd.it/d39lzg3vudwb1.png,https://i.redd.it/d39lzg3vudwb1.png,Discussions
t3_17j0l15, ,Xiaoyu cosplayer with the cleanest AOP I've ever seen by (@amakura_suisui),Tekken,https://www.reddit.com/gallery/17j0l15,,Discussions
t3_17obt3n, ,Who is worse?,Tekken,https://i.redd.it/73wv140k5jyb1.png,https://i.redd.it/73wv140k5jyb1.png,Discussions
t3_17ejcet, ,Let's settle this ridiculous argument,FinalFantasy,https://i.redd.it/bitrxz3o5yvb1.jpg,https://i.redd.it/bitrxz3o5yvb1.jpg,Discussions
t3_17pd33k, ,"Cid Highwind Cosplay - first test, let me know what u think",FinalFantasy,https://i.redd.it/70nti103lsyb1.jpg,https://i.redd.it/70nti103lsyb1.jpg,Discussions
t3_17hjofw, ,if FF7 and FF10 switched characters by Warori-Anne [FanArt],FinalFantasy,https://www.reddit.com/gallery/17hjofw,,Discussions
t3_17jo40f, ,r/FinalFantasy Daily Bingo,FinalFantasy,https://i.redd.it/50e9g2n1oaxb1.png,https://i.redd.it/50e9g2n1oaxb1.png,Discussions
t3_17ffiwm, ,Characters You Hated At First But Grew To Like As You Aged,FinalFantasy,https://i.redd.it/fqqmn7ki56wb1.jpg,https://i.redd.it/fqqmn7ki56wb1.jpg,Discussions
t3_17nqmhe, ,One of the stranger about pages I found.,roblox,https://i.redd.it/mlh2esxw8dyb1.png,https://i.redd.it/mlh2esxw8dyb1.png,Discussions
t3_17hqn4d,"Hi! I'm making a few UGCs to sell on the platform, once I am given access. But I only have enough robux to sell 1 or 2. Which of these items do you think would sell the best, as I would like to make enough so I can upload them all?

Here is my creator page for more detailed images:

https://create.roblox.com/talent/creators/387565097

Thanks!",What will sell the best?,roblox,https://www.reddit.com/gallery/17hqn4d,,Discussions
t3_17migno, ,What if ROBLOX was a country?,roblox,https://i.redd.it/pp7hj1n831yb1.png,https://i.redd.it/pp7hj1n831yb1.png,Discussions
t3_17y8wyh, ,What do you mean Im beautiful,roblox,https://i.redd.it/b6nrfhctk41c1.jpg,https://i.redd.it/b6nrfhctk41c1.jpg,Discussions
t3_17t7de1, ,real ones knew how powerful these were,roblox,https://i.redd.it/e7fe9r0i2tzb1.jpg,https://i.redd.it/e7fe9r0i2tzb1.jpg,Discussions
t3_17wmnbx,"The Norwegian Consumer Council (who has beaten Nintendo twice the last two years, paving the way for joycon drift repairs and forcing Nintendo to let us cancel preorders) is highly critical of the new community rules. Quote: ""I have no respect for such restrictions"" from their legal expert.

Basically:
- Nintendo likely can't make new terms like this after their products are sold (""terms that limits the right of usage of the product you've bought must be presented before the time of sale"").
- Nintendo likely can't have these terms anyways because they favour the company (""a one-sided change in how you use your gaming console will quickly fall foul of both the Consumer Sales Act and the Marketing Control Act"").
- Nintendo likely can't stop any modification of their games that does not infringe their trademarks (citing Nintendo v. Galoob (Game Genie), saying there are legitimate needs for mods)
- Nintendo likely can't stop the use of unlicensed controllers (says it hinders people with physical challenges and limits competition in the market)

The NCC say they will discuss the matter with other european consumer bodies and is assessing if this is a matter they must react to ""more systematically"". While Norway is not in the EU, they are a part of the EEC, meaning they share consumer laws with the EU.

*Nintendo has to repair all joy cons with drifting problems, old or new, thanks to the coalition of consumer orgs (including the NCC). The NCC sued Nintendo for not allowing preorder cancellations back in 2018 and won after Nintendo called NCC's interpretation ""untenable"".","Nintendo has already lost twice in court against them in two years, now the new tournament rules attracts attention from the Norwegian Consumer Council: ""We have no respect for such restrictions""",smashbros,https://www.pressfire.no/artikkel/forbrukerradet-vil-ta-opp-nintendos-regler-med-europeiske-forbrukerorganisasjoner,,Discussions
t3_17t6vs8, ,Port Priority 8 Ultimate Singles - Wave C Singles - LG | MKLeo vs. Seesaw,smashbros,https://www.reddit.com/r/smashbros/comments/17t6vs8/port_priority_8_ultimate_singles_wave_c_singles/,,Discussions
t3_17flsmd, ,"Nintendo of America has also released ""Tournament Guidelines"" in line with other regions.",smashbros,https://en-americas-support.nintendo.com/app/answers/detail/a_id/63433#s1q3,,Discussions
t3_17m60hb, ,Lost in the sauce,smashbros,https://v.redd.it/94yw6c1r5vxb1,https://v.redd.it/94yw6c1r5vxb1,Discussions
t3_17wycdb, ,"Tafokints on Twitter: ""In response to Smash 4 not being on the licensing agreement list, the Nintendo rep responded that they did not believe that Smash 4 would ever reach 200 entrants or reach a prize pool of over $1000 USD""",smashbros,https://x.com/tafokints/status/1725264838149243322?s=20,,Discussions
t3_17lyuv5, ,All 24 ghost symbols,PhasmophobiaGame,https://i.redd.it/dcn1bporawxb1.png,https://i.redd.it/dcn1bporawxb1.png,Discussions
t3_17os9xe,Without any consent,"So, this happened",PhasmophobiaGame,https://v.redd.it/nxj4af1fzmyb1,https://v.redd.it/nxj4af1fzmyb1,Discussions
t3_17ult8z, ,Do they think were serial killers or in the phasmophobia world do the cops know about ghosts? I have questions,PhasmophobiaGame,https://i.redd.it/8w2b1lofq60c1.jpg,https://i.redd.it/8w2b1lofq60c1.jpg,Discussions
t3_17gy0ul,"Folks over on the steam community forums were discussing the thermometer tiers again, and I threw out my idea.

The T2 thermometer should work like the pre-update thermometer, while the T3 should be a placeable object that you can easily read from a short distance, that also displays in the truck.

I mocked one up on my little phas fan project to kinda give an idea of what I mean.

Thoughts?",Shared my T3 thermo idea on steam. What cha think?,PhasmophobiaGame,https://www.reddit.com/gallery/17gy0ul,,Discussions
t3_17p7clq,"You can loop them around the dining room table, the sofa and the basement shelves.You can even do this without obstacles just like me,but only in 150% ghost speed,or you will die XDD.",You should really need to learn how to loop ghosts.,PhasmophobiaGame,https://v.redd.it/8g4cx0oldryb1,https://v.redd.it/8g4cx0oldryb1,Discussions
t3_17punja,"This year for Halloween, I made my own Lilith costume and wanted to share it here!

I've never attempted a serious cosplay before, and it's far from perfect, but I'm happy with how it turned out for the most part.  Other than undergarments and my wedding ring, every single item I'm wearing in these photos was 100% designed and crafted by me.","My first ever serious cosplay, Lilith",diablo4,https://www.reddit.com/gallery/17punja,,Discussions
t3_17gw2qw, ,This is the definition of fun!,diablo4,https://i.redd.it/77dpvaxnpjwb1.jpg,https://i.redd.it/77dpvaxnpjwb1.jpg,Discussions
t3_17mer3u, ,"Is this really too much to ask for, Blizzard?",diablo4,https://i.redd.it/wvdtlyl090yb1.jpg,https://i.redd.it/wvdtlyl090yb1.jpg,Discussions
t3_17pzzrm, ,He's not wrong,diablo4,https://i.redd.it/5vvp5c9kryyb1.jpg,https://i.redd.it/5vvp5c9kryyb1.jpg,Discussions
t3_17f4lk9,https://x.com/joeshely/status/1716662242903789930?s=46,Joe Shely says they have no plans to nerf D4,diablo4,https://i.redd.it/16502j7gx2wb1.jpg,https://i.redd.it/16502j7gx2wb1.jpg,Discussions
t3_17i88wr, ,when did it go up to 100k,GrandTheftAutoV,https://i.redd.it/smtfwfho7wwb1.jpg,,Discussions
t3_17ohu3i, ,gta 5 ultra realistic mod,GrandTheftAutoV,https://i.redd.it/v0s7lquflkyb1.jpg,,Discussions
t3_17gp8z4, ,I've seen some pretty stupid gen-z trends but the way they are holding their smartphones now is just ridiculous,GrandTheftAutoV,https://i.redd.it/5f7cmyllfhwb1.png,,Discussions
t3_17v1xz2, ,Beginner here! Lucky AF to steal this Zentorno lol. Went straight to LA Csutoms. It almost got away but I chased and killed the owner and shes mine. I even have a saved game just in case lol. Dont wanna lose this thing.,GrandTheftAutoV,https://www.reddit.com/gallery/17v1xz2,,Discussions
t3_17w30xh, ,"Help me identify where is this footage from, plz",GrandTheftAutoV,https://i.redd.it/e1pse71xnk0c1.png,,Discussions
t3_17lfusd, ,This is what GS is all about!,MonsterHunter,https://v.redd.it/hnyq3lf3irxb1,https://v.redd.it/hnyq3lf3irxb1,Discussions
t3_17vxwri, ,Umbreon and Vaporeon in Monster Hunter artstyle,MonsterHunter,https://i.redd.it/dl0dn6ekkj0c1.jpg,https://i.redd.it/dl0dn6ekkj0c1.jpg,Discussions
t3_17uvv2t, ,"If you're asleep, Zenith hypnoc can sing a song that gives nightmares so bad you die",MonsterHunter,https://v.redd.it/qm644sfv790c1,https://v.redd.it/qm644sfv790c1,Discussions
t3_17seo82,,Nothing will ever change my mind,MonsterHunter,https://i.redd.it/d9cjr8f2clzb1.jpg,https://i.redd.it/d9cjr8f2clzb1.jpg,Discussions
t3_17zmarf, ,Couldn't stop seeing Thanos while fighting this thing,MonsterHunter,https://i.redd.it/t21tnzlelh1c1.png,https://i.redd.it/t21tnzlelh1c1.png,Discussions
t3_17t6ple, ,2 Types of Assassins,MobileLegendsGame,https://www.reddit.com/gallery/17t6ple,https://www.reddit.com/gallery/17t6ple,Discussions
t3_17h1pb9, ,he is perfect. too perfect,MobileLegendsGame,https://i.redd.it/u9kfjsjd0lwb1.png,https://i.redd.it/u9kfjsjd0lwb1.png,Discussions
t3_17s7a9v, ,"Nah, I'd win.",MobileLegendsGame,https://www.reddit.com/gallery/17s7a9v,https://www.reddit.com/gallery/17s7a9v,Discussions
t3_17qjuyb,CTTO,Across the multiverse ,MobileLegendsGame,https://v.redd.it/6lpr6k0734zb1,https://v.redd.it/6lpr6k0734zb1,Discussions
t3_17jxx6q, ,Exp lane best lane,MobileLegendsGame,https://i.redd.it/71j8mqj0edxb1.png,https://i.redd.it/71j8mqj0edxb1.png,Discussions
t3_17n7a7v, ,"David Robinson has a 61 steal, 30 speed with ball, and a 60 driving dunk. What are these ratings based on? ",NBA2k,https://v.redd.it/ebqgtdmlo7yb1,https://v.redd.it/ebqgtdmlo7yb1,Discussions
t3_17tyxlu,"While I appreciate a game having popularity,, anything that dilutes cheesers, exploiting, and cheating is ok in my book. Even if it means there's less players playing.",Anyone disagree/agree with this stance?,NBA2k,https://i.redd.it/2vuzhit6l00c1.png,https://i.redd.it/2vuzhit6l00c1.png,Discussions
t3_17hyips,Damn.,Chris Smoove not doing NBA videos.,NBA2k,https://i.redd.it/6x06iqufgtwb1.jpg,https://i.redd.it/6x06iqufgtwb1.jpg,Discussions
t3_17qxfu6, ,Dont expect anything to change next year.,NBA2k,https://i.redd.it/fuorpzeu87zb1.jpg,https://i.redd.it/fuorpzeu87zb1.jpg,Discussions
t3_17ikjto, ,"""Id rather go 0 for 30""",NBA2k,https://v.redd.it/zpsc2r7oqzwb1,https://v.redd.it/zpsc2r7oqzwb1,Discussions
t3_17q5j5b, ,Mexico is a country with a predominantly British population.,ForzaHorizon,https://i.redd.it/l0dtdoe4yzyb1.jpg,https://i.redd.it/l0dtdoe4yzyb1.jpg,Discussions
t3_17hr9sy,I have all the barnfinds listed in the barnfind tab. Is this a secret barnfind that isn't listed or just an unused asset?,"I found a barn that isn't marked on my map, even though I have all the barnfinds.",ForzaHorizon,https://www.reddit.com/gallery/17hr9sy,,Discussions
t3_17ywmp7, ,"Holy cow, since when did FH5 have such a beautiful skybox?",ForzaHorizon,https://v.redd.it/j7r7qz6wxa1c1,https://v.redd.it/j7r7qz6wxa1c1,Discussions
t3_17iwtcl, ,i just realized the intro-screen shows real time,ForzaHorizon,https://i.redd.it/a65iww0343xb1.png,https://i.redd.it/a65iww0343xb1.png,Discussions
t3_17u3qnx, ,Made it to the festival,ForzaHorizon,https://i.redd.it/dl1nx2yvv10c1.jpg,https://i.redd.it/dl1nx2yvv10c1.jpg,Discussions
t3_17mp1pt, ,"[Store] Low float FT Gloves such as Pandora's box, Slingshot, Crimson Web, Foundation, Fade, Snow Leopard, Imperial Plaid &amp; more",counterstrike,https://www.reddit.com/r/GlobalOffensiveTrade/comments/17mp1pt/store_low_float_ft_gloves_such_as_pandoras_box/,,Marketplace
t3_17z3sol, ,"[Store]Bowie Sapphire 0.007, Flip Knive Fire&amp;Ice 3rd Max, Deagle Blaze 0,006, M4 Hot Rod, M9 Doppler P3, Ak Vulcan FT St 0.20 , Specialist Gloves Fade Ft 0.160, Specialist Gloves Tiger Strike Mw, Stiletto Knife Slaughter, AK Case Hardened FN and many more Gloves/Knives/Playskins for trade",counterstrike,https://www.reddit.com/r/GlobalOffensiveTrade/comments/17z3sol/storebowie_sapphire_0007_flip_knive_fireice_3rd/,,Marketplace
t3_17rfck9, ,[STORE] 27 Unique Items (Blue Gems - Low Float - Stickered Items - Unapplied Stickers),counterstrike,https://www.reddit.com/r/GlobalOffensiveTrade/comments/17rfck9/store_27_unique_items_blue_gems_low_float/,,Marketplace
t3_17y43b8,"My tradelink: https://steamcommunity.com/tradeoffer/new/?partner=102474654&amp;token=BH1q6eSo
  
My steam profile: https://steamcommunity.com/id/darknezz\_/
  
Everything up for a trade, some skins might not be tradable yet
  
Buyouts are in cash (EURO), send trade offers, only trading, i'm taking cases 
  

  
 StatTrak Karambit | Stained BS - B/O 483.61 
  
 Bayonet | Slaughter MW - B/O 431.63  
  
 StatTrak Bayonet | Slaughter FT - B/O 407.32  
  
 Stiletto Knife | Tiger Tooth FN - B/O 400.54  
  
 Bowie Knife | Slaughter MW- B/O 274.14  
  
 StatTrak Talon Knife | Safari Mesh BS - B/O 239.15  
  
 Gut Knife | Tiger Tooth MW- B/O 170.62  
  
 Falchion Knife | Crimson Web FT - B/O 161.64  
  
 Nomad Knife | Night Stripe FT- B/O 142.23  
  
 Navaja Knife | Crimson Web MW- B/O 132.67  
  
 Classic Knife | Urban Masked WW - B/O 98.27  
  
 StatTrak Navaja Knife | Night Stripe MW- B/O 93.10  
  
 StatTrak Gut Knife | Rust Coat BS - B/O 89.22  
  
 Gut Knife | Freehand FT- B/O 86.12  
  
 Navaja Knife | Damascus Steel MW- B/O 82.63  
  
 Survival Knife | Forest DDPAT WW - B/O 82.11  
  
 Shadow Daggers | Stained BS- B/O 79.84  
  
 Gut Knife | Night FT- B/O 77.07  
  
 Navaja Knife | Ultraviolet WW- B/O 74.29  
  
 Gut Knife | Forest DDPAT FT- B/O 73.70  
  
 Navaja Knife | Blue Steel WW- B/O 71.75  
  
 Shadow Daggers | Safari Mesh FT- B/O 71.73  
  
 Navaja Knife | Ultraviolet BS- B/O 70.47  
  
 Navaja Knife | Safari Mesh MW- B/O 67.95  
  
 Navaja Knife | Night Stripe FT- B/O 67.24  
  
 Navaja Knife | Forest DDPAT FT- B/O 65.95  
  
 Driver Gloves | Lunar Weave FT- B/O 133.45  
  
 Specialist Gloves | Foundation BS- B/O 125.69  
  
 Specialist Gloves | Crimson Web BS- B/O 116.25  
  
 Broken Fang Gloves | Needle Point MW- B/O 84.05  
  
 Bloodhound Gloves | Guerrilla BS- B/O 57.16  
  
 Broken Fang Gloves | Unhinged BS- B/O 47.20  
  
 Driver Gloves | Racing Green BS- B/O 39.31  
  
AWP | Oni Taiji FT- B/O 254.73
  
M4A1-S | Master Piece FT- B/O 122.72  
  
StatTrak AK-47 | Jaguar FT- B/O 91.81  
  
Desert Eagle | Golden Koi FN - B/O 60.20  
  
M4A4 | Hellfire - Factory New - B/O 52.88  
  
StatTrak M4A1-S | Bright Water MW- B/O 50.69  
  
P250 | Apep's Curse WW- B/O 47.72  
  
Glock-18 | Gamma Doppler (Phase 3) FN - B/O 42.54  
  
Stickers, pins, capsule, souvenirs
  
And more
  
Some prices might be outdated
  

  
My tradelink: https://steamcommunity.com/tradeoffer/new/?partner=102474654&amp;token=BH1q6eSo
  
","[STORE] KNIVES, GLOVES, PLAYSKINS, 9.000 INVENTORY! Byonet, Karambit, Stiletto, Talon, Classic, Survival, Skeleton, Falchion, Bowie, Ursus, Shadow Daggers, Gut, Nomad, Navaja, Paracord, Broken fang, Driver gloves, Specialist gloves, Hydra wraps, Broken Fang Gloves, AWP, AK-47, M4A1, M4A4, USP",counterstrike,https://www.reddit.com/r/GlobalOffensiveTrade/comments/17y43b8/store_knives_gloves_playskins_9000_inventory/,,Marketplace
t3_17fbix3,i sent him money and he blocked me on everything his name here is AmuletCS,SCAMMER,Valorant,https://www.reddit.com/r/ValorantAccounts/comments/17fbix3/scammer/,,Marketplace
t3_180aieh,Diamond 2 peak,How much is my account worth,Valorant,https://www.reddit.com/gallery/180aieh,,Marketplace
t3_17z3aki, ,How much is my Acc worth?,Valorant,https://www.reddit.com/gallery/17z3aki,,Marketplace
t3_17vv7ip, ,"Immortal 1 account Prelude vandal, ignite fan and more (EU)",Valorant,https://www.reddit.com/gallery/17vv7ip,,Marketplace
t3_17pz7zu,"ZEDD phantom

Blast x phantom

Prime phantom

\[Champions 2022 phantom\]

&amp;#x200B;

Sentinels of light vandal

Reaver vandal

Enderflame vandal

&amp;#x200B;

Prosperity sword

Oni claw

Forsaken dagger

\[Champions 2022 butterfly knife\]  
\[RUIN DAGGER\]  


&amp;#x200B;

Reaver sheriff

&amp;#x200B;

Forsaken classic",DM for pictures. [EUROPE] Looking for 80$ but willing to go lower. !!Ruin dagger!!,Valorant,https://www.reddit.com/r/ValorantAccounts/comments/17pz7zu/dm_for_pictures_europe_looking_for_80_but_willing/,,Marketplace
t3_17lej6e, ,"u/skinny-legend-3752 is a scammer, victim agreed to go first, scammer changed the password then cancelled the transaction and never provided the payment.",Genshin_impact,https://www.reddit.com/gallery/17lej6e,,Marketplace
t3_17hwe1j,"AR 45 Yoimiya + Rust/Prototype Crescent, Jean, Diluc, Mona, and Skyward Pride

No deadlinks, no hacked abyss! 

Deadline is 2-3 days, depending on how many people join",Giveaway NA 5x5!,Genshin_impact,https://www.reddit.com/r/GenshinTrades/comments/17hwe1j/giveaway_na_5x5/,,Marketplace
t3_17ek38j,"The deal was two accounts for my account
Ik I did a mistake not using mm but kinda broke 
Beware of u/bunnihunnix",Scammer alert,Genshin_impact,https://i.redd.it/xz0789qccyvb1.jpg,https://i.redd.it/xz0789qccyvb1.jpg,Marketplace
t3_17nxezh,"Middleman told the victim to change the email without even logging in to check everything, after the email was changed the victim was blocked by both the buyer and middleman. Discord IDs will be in the comments","u/South-Rabbit-4290 is a scammer, worked with a fake middleman to scam the victim [ evangeline1213 / buyer, adored.4617 / middleman ] [read body text for tdlr]",Genshin_impact,https://www.reddit.com/gallery/17nxezh,,Marketplace
t3_17sdv9i,u/Confident-Aide8717 is a scammer said they “rented the account to me changed the pass on my acc and theres,Scam report,Genshin_impact,https://www.reddit.com/gallery/17sdv9i,,Marketplace
t3_17j89j5, ,"[Xbox] [Giveaway] 100k Credits between 8 winners, guess a number 1-10000 and tell me an animal fact",RocketLeague,https://www.reddit.com/r/RocketLeagueExchange/comments/17j89j5/xbox_giveaway_100k_credits_between_8_winners/,,Marketplace
t3_17ja31c, ,[Xbox] [PC] [Discussion] Daily November Giveaways! I'm going to be giving away a ton of both collectors items and popular items every day of November. Read description for details! :),RocketLeague,https://www.reddit.com/r/RocketLeagueExchange/comments/17ja31c/xbox_pc_discussion_daily_november_giveaways_im/,,Marketplace
t3_17in2ib,"Finally got my hands on the damn scorer pink, honestly thrilled to have actually been able to somehow do it before Dec 5th

A huge erupts on this day.",[Discussion] SCORER HELLFIRE SET COMPLETED,RocketLeague,https://www.reddit.com/r/RocketLeagueExchange/comments/17in2ib/discussion_scorer_hellfire_set_completed/,,Marketplace
t3_17ha0a0,"I finally got a turtle black Jager! Possibly the ONLY on xbox! I'm super happy, thanks to everyone who's helped me out


Even I'm these dark times, there still happiness

",[Xbox] [Discussion] After one year of looking... I finally got it!,RocketLeague,https://www.reddit.com/r/RocketLeagueExchange/comments/17ha0a0/xbox_discussion_after_one_year_of_looking_i/,,Marketplace
t3_17qlmlz, ,[Xbox] [H] Free Stuff Part 2! (Big Splash) [W] Nothing!,RocketLeague,https://www.reddit.com/r/RocketLeagueExchange/comments/17qlmlz/xbox_h_free_stuff_part_2_big_splash_w_nothing/,,Marketplace
t3_180ekh6, ,The top 3 safest place to buy lol smurf,League,https://youtu.be/uwPyyix4img,,Marketplace
t3_17hkjpa, ,The Top 3 Places to Buy Rare League of Legends Skin,League,https://www.reddit.com/r/LeagueMarket/comments/17hkjpa/the_top_3_places_to_buy_rare_league_of_legends/,,Marketplace
t3_180vdus, ,"Elo Dragon  CHEAP PRICING WITH QUALITY ACCOUNTS, ALL Servers, ALL Ranks ",League,https://www.reddit.com/r/LeagueMarket/comments/180vdus/elo_dragon_cheap_pricing_with_quality_accounts/,,Marketplace
t3_180r4de,"League of Legends account with 875 skins, all champions, 199k BE, level 316. For more info just ask.  
Link to all the skins: [https://youtu.be/Y1wyqURL8m0](https://youtu.be/Y1wyqURL8m0)","League of Legends account with 875 skins, all champions, level 316, unranked, 199k BE",League,https://www.reddit.com/r/LeagueMarket/comments/180r4de/league_of_legends_account_with_875_skins_all/,,Marketplace
t3_180j863, ,Selling Mythic Skins on Fresh Accs on all servers - Also have cheap smurfs and Iron 4 - 0 LP accs,League,https://www.reddit.com/r/LeagueMarket/comments/180j863/selling_mythic_skins_on_fresh_accs_on_all_servers/,,Marketplace
t3_17hj2w0, ,[STORE] Diretide 2022 Collectors Cache Sets !!,Dota2,https://www.reddit.com/r/Dota2Trade/comments/17hj2w0/store_diretide_2022_collectors_cache_sets/,,Marketplace
t3_180kr75, ,[PC] Manta Marauder - Batrider Set,Dota2,https://www.reddit.com/r/Dota2Trade/comments/180kr75/pc_manta_marauder_batrider_set/,,Marketplace
t3_17zzxhz, ,"[Store] Collectors Cache 2019, Aghanims 2021, Diretide 2022, Summer 2023, Genuine Weather Effects",Dota2,https://www.reddit.com/r/Dota2Trade/comments/17zzxhz/store_collectors_cache_2019_aghanims_2021/,,Marketplace
t3_17zm93x,I just want to dispatch these sets. You can also check my remaining TI10 Cache for negotiations. Add me up: https://steamcommunity.com/id/120hrs/,[H] Forsworn Legacy (Mars TI10 Very Rare Cache) + Ancient Inheritance (Tiny TI10 Rare Cache) + Beacon of Cerulean Light (Skywrath Mage TI5 Cache) [W] Lina or MK Arcana,Dota2,https://www.reddit.com/r/Dota2Trade/comments/17zm93x/h_forsworn_legacy_mars_ti10_very_rare_cache/,,Marketplace
t3_17ytncs, ,[STORE] TI8/TI9/TI10/Diretide/ Aghanim's/2023 summer collector's cache sets,Dota2,https://www.reddit.com/r/Dota2Trade/comments/17ytncs/store_ti8ti9ti10diretide_aghanims2023_summer/,,Marketplace
t3_17lrpwd, ,what happens if i sold all of these for 1 robuc,Roblox,https://i.redd.it/xxjs5lbb4uxb1.png,https://i.redd.it/xxjs5lbb4uxb1.png,Marketplace
t3_17ey8jr,My username is Runsome1s,Send trades me trades,Roblox,https://i.redd.it/z42fp9bhc1wb1.jpg,https://i.redd.it/z42fp9bhc1wb1.jpg,Marketplace
t3_17z8ieq, ,W/L?,Roblox,https://i.redd.it/g84k19w3pd1c1.jpg,https://i.redd.it/g84k19w3pd1c1.jpg,Marketplace
t3_17r687i,"&amp;#x200B;
[i own things](https://preview.redd.it/jhnz94v0g9zb1.png?width=923&amp;format=png&amp;auto=webp&amp;s=f1c711c2d1d1f7f7002a105a61559739b2513502)",Is this a good start into trading?,Roblox,https://www.reddit.com/r/RobloxTrading/comments/17r687i/is_this_a_good_start_into_trading/,,Marketplace
t3_17sm6qh,"&amp;#x200B;

https://preview.redd.it/ax9zbrnj5nzb1.png?width=1117&amp;format=png&amp;auto=webp&amp;s=6bae326b82f3b97c500b49413dbcf4e87ad138b6",Looking to downgrade bighead,Roblox,https://www.reddit.com/r/RobloxTrading/comments/17sm6qh/looking_to_downgrade_bighead/,,Marketplace
t3_17spf9d,,[PS4] [PS5] - $2.5 / 100K - [XB1] [XBX/S] - $1.5 / 100K - [PC] [EPIC/STEAM] - $0.6 / 100K - [Switch] - $7 / 100K - Selling NBA2K23 MT Coins - (Bulk Discounts Available  - 5 - 10mins Delivery - 1000+ transactions!!! - playeralan Diamond Seller,NBA2k,https://www.reddit.com/r/NBA2kMTselling/comments/17spf9d/ps4_ps5_25_100k_xb1_xbxs_15_100k_pc_epicsteam_06/,,Marketplace
t3_17yrrfm, ,[PS4] [PS5] - $2.5 / 100K - [XB1] [XBX/S] - $1.5 / 100K - [PC] [EPIC/STEAM] - $0.6 / 100K - [Switch] - $7 / 100K - Selling NBA2K23 MT Coins - (Bulk Discounts Available  - 5 - 10mins Delivery - 1000+ transactions!!! - playeralan Diamond Seller,NBA2k,https://www.reddit.com/r/NBA2kMTselling/comments/17yrrfm/ps4_ps5_25_100k_xb1_xbxs_15_100k_pc_epicsteam_06/,,Marketplace
t3_17ydvt6, ,[PS4] [PS5] - $2.5 / 100K - [XB1] [XBX/S] - $1.5 / 100K - [PC] [EPIC/STEAM] - $0.6 / 100K - [Switch] - $7 / 100K - Selling NBA2K23 MT Coins - (Bulk Discounts Available  - 5 - 10mins Delivery - 1000+ transactions!!! - playeralan Diamond Seller,NBA2k,https://www.reddit.com/r/NBA2kMTselling/comments/17ydvt6/ps4_ps5_25_100k_xb1_xbxs_15_100k_pc_epicsteam_06/,,Marketplace
t3_17y15ue, ,[PS4] [PS5] - $2.5 / 100K - [XB1] [XBX/S] - $1.5 / 100K - [PC] [EPIC/STEAM] - $0.6 / 100K - [Switch] - $7 / 100K - Selling NBA2K23 MT Coins - (Bulk Discounts Available  - 5 - 10mins Delivery - 1000+ transactions!!! - playeralan Diamond Seller,NBA2k,https://www.reddit.com/r/NBA2kMTselling/comments/17y15ue/ps4_ps5_25_100k_xb1_xbxs_15_100k_pc_epicsteam_06/,,Marketplace
t3_17xmv7u, ,[PS4] [PS5] - $2.5 / 100K - [XB1] [XBX/S] - $1.5 / 100K - [PC] [EPIC/STEAM] - $0.6 / 100K - [Switch] - $7 / 100K - Selling NBA2K23 MT Coins - (Bulk Discounts Available  - 5 - 10mins Delivery - 1000+ transactions!!! - playeralan Diamond Seller,NBA2k,https://www.reddit.com/r/NBA2kMTselling/comments/17xmv7u/ps4_ps5_25_100k_xb1_xbxs_15_100k_pc_epicsteam_06/,,Marketplace
t3_b48rjt, ,This awesome Mizutsune Female Hunter Statue that will be coming out next year (I think),MonsterHunter,https://i.redd.it/85jwevrytpn21.jpg,https://i.redd.it/85jwevrytpn21.jpg,Marketplace
t3_hcy3tw, ,Managed to buy an Abyssal Lagiacrus yesterday night to go with my Ivory Lagiacrus I got a year ago!,MonsterHunter,https://i.redd.it/8lqh5nmz16651.jpg,https://i.redd.it/8lqh5nmz16651.jpg,Marketplace
t3_cbe13v, ,"First shelf, just gotta fill more now.",MonsterHunter,https://i.redd.it/i3n0adh0rf931.jpg,https://i.redd.it/i3n0adh0rf931.jpg,Marketplace
t3_9u939x, ,Pulled a Dodogama from a blind box! Love this sweet bb.,MonsterHunter,https://i.redd.it/q0sr3nxnvew11.png,https://i.redd.it/q0sr3nxnvew11.png,Marketplace
t3_u19cjt, ,My MH figure shelf.,MonsterHunter,https://www.reddit.com/gallery/u19cjt,,Marketplace
17xc9ab,Looking for someone on PlayStation 5 to drop the legend arms / ashes of war. For the two trophies. Im very close to the plat achievement of the game!,Looking for help with two achievements.,ELDEN RING,https://www.reddit.com/r/Eldenring/comments/17xc9ab/looking_for_help_with_two_achievements/,,Connect
17qoypu,Boy,"Looking for help in the caelid abandoned cave, under leveled trying to get the Golden scarab if anyone can help id appreciate it",ELDEN RING,https://www.reddit.com/r/Eldenring/comments/17qoypu/looking_for_help_in_the_caelid_abandoned_cave/,,Connect
17z5rxn,"Hi, Im looking for potential friends who play on the American server and have the teapot feature unlocked. Im trying to get my Trust Rank up and trying to get to around 4 of the Adeptal Mirror which I need to visit a friends teapot to purchase an item from their traveling salesman to advance. If youre interested please DM me and Ill send you my UID.",Looking for Teapot Friends (American sever only),GENSHIN IMPACT,https://www.reddit.com/r/Genshin_Impact/comments/17z5rxn/looking_for_teapot_friends_american_sever_only/,,Connect
17jg3a9,Im currently AR 50 and no friends to play with. Im still relatively new so I could use some help building teams and artifacts. Im a Chungyun main and Im loyal to my chungus. If youre interested hit me up,Looking for someone to play with regularly,GENSHIN IMPACT,https://www.reddit.com/r/Genshin_Impact/comments/17jg3a9/looking_for_someone_to_play_with_regularly/?rdt=47421,,Connect
1809zis,"Hi, I'm trying to find some people to play l4d2 online. If anyone interested can DM me. BTW I'm using PC version. Thanks in advance",Looking for some people to play,LEFT 4 DEAD,https://www.reddit.com/r/l4d2/comments/1809zis/looking_for_some_people_to_play/,,Connect
17vvw4w, ,Me and my freinds are all disabled Minecraft helps us with that a form of escapism thanks Minecraft,MINECRAFT,https://www.reddit.com/r/Minecraft/comments/17vvw4w/me_and_my_freinds_are_all_disabled_minecraft/,self,Connect
17kkxd0,"I am a relatively new player looking for a duo partner to push legendary with on a semi daily basis. I am a mobile player on NA servers. I have a 25 KD and 75% win rate on mobile and pc lobbies. I also have a lot of experience in PUBGMobile, I was triple conqueror C2S5. I am looking for someone who can at the least hold their own against real players. DM me or comment if interested",Looking for a duo partner to push Legendary,FARLIGHT,https://www.reddit.com/r/Farlight84/comments/17kkxd0/looking_for_a_duo_partner_to_push_legendary/,self,Connect
17e35gr,"Looking for a team coach for my immo/radiant team! Core of 5 players ready to improve, please dm me on discord for more information - Harlei#1437",Looking For A Valorant Team Coach,VALORANT,https://www.reddit.com/r/VALORANT/comments/17e35gr/looking_for_a_valorant_team_coach/,self,Connect
17pk19n,"Discord: @ cryptguard

ATM I'm too low level to start doing ranked, but I'm hoping that someone will be willing to give me pointers as how to get better.

Aimlabs gameplay (ignore 5:40, my gun was blocking the sphere) https://www.youtube.com/watch?v=mvrP_SRKwVI",Unranked 13 year old looking for free coaching (im too poor to afford paid),VALORANT,https://www.reddit.com/r/VALORANT/comments/17pk19n/unranked_13_year_old_looking_for_free_coaching_im/,self,Connect
1810r2a, ,Looking for friends to play with,CALL OF DUTY,https://www.reddit.com/r/CallOfDutyMobile/comments/1810r2a/looking_for_friends_to_play_with/,https://preview.redd.it/pp7388dxtt1c1.jpeg?width=960&crop=smart&auto=webp&s=79b8f457fbc87b5eb960b2816d73de23e05b8d41,Connect
17nk48c, ,Looking for a team to play Zombies mode classic (endless) we will retreat in round 10. Those who are interested please dm me.,CALL OF DUTY,https://www.reddit.com/r/CallOfDutyMobile/comments/17nk48c/looking_for_a_team_to_play_zombies_mode_classic/,self,Connect
17ewigy,"Hi. I've been wanting to try out competitive in this game for a while now. I'm 18, English, and have actually got quite a lot of hours in this game. But I've only really ever played against bots when I was much younger, done a few casual rounds and a tiny bit of wingman with the one friend I have who plays this game, but that's it.

It's left me in a tricky position of knowing the game quite well, knowing the maps fairly well too, I even have a nice skin collection, but still being absolutely at the very bottom of the unranked barrel.

I'm also not one of these people who deals well with just spontaneously hopping in a comp with 4 random people, who all probably know each other already and are better than me, and integrating with them. Social anxiety and other such bollocks I guess.

What would be ideal is to find 3 or 4 other people who are as new to and as crap at multiplayer as I am, that would be happy to hop on the game whenever, get to know each other, have a laugh and enjoy the game. No strict schedules and training days or anything like the pros do, just a casual fun time in CS.

So anyone else who's new to the game, speaks good English (as to not have a barrier when talking tactics, as I would like to play the comp at least semi seriously), isn't the kind of person who gets toxic and stroppy when they don't win, and is just down to try it out, maybe get good enough to move up through the ranks, and just have a chill time and a laugh whilst we're at it wanna add on steam?",Looking for proper newbies to play with,COUNTER STRIKE,https://www.reddit.com/r/counterstrike/comments/17ewigy/looking_for_proper_newbies_to_play_with/,self,Connect
17oxjvo, ,Looking for group hmu,PUBG,https://www.reddit.com/r/PUBG/comments/17oxjvo/looking_for_group_hmu/,self,Connect
17ksgl1,Looking for a UK based or English speaking casual group/clan to have fun with on PC. New to the game and love it. Nothing too serious.,Looking for UK group,PUBG,https://www.reddit.com/r/PUBG/comments/17ksgl1/looking_for_uk_group/,self,Connect
11ys7y7,"Hey everybody, I've been a footballer manager player for acouple years now and I've always wanted to have a online league to play to test myself. Just wondered if anybody has one with any spaces or looking to set one up? Don't mind the league.",Looking for a game lobby.,FOOTBALL MANAGER,https://www.reddit.com/r/footballmanagergames/comments/11ys7y7/looking_for_a_game_lobby/,self,Connect
17uz203,"Sorry to bother but I'm looking for a game with RL physic but without the ball. You have to race on a track and avoid obstacles. I so it on IG but I can't remember the name... rocket auto ? speed rocket ?

It's driving me crazyâ€¦",I'm looking for a game,ROCKET LEAGUE,https://www.reddit.com/r/RocketLeague/comments/17uz203/im_looking_for_a_game/,self,Connect
17jt6uj,"Hi, I just started playing and would like to have people to play with, this goes without saying but they have to be OK with me being not very good for a while",New and looking for friends to play with,LEAGUE OF LEGENDS,https://www.reddit.com/r/leagueoflegends/comments/17jt6uj/new_and_looking_for_friends_to_play_with/,self,Connect
17q040m,"Hello peeps,

I am looking for a duo partner, currently gold 4 support. I do not have a life, so league is my life.Would be nice if we could play quite often.

Lets mic up, and yes, female gamer, so treat me like a dude please!
server: EUW",Looking for duo partner,LEAGUE OF LEGENDS,https://www.reddit.com/r/leagueoflegends/comments/17q040m/looking_for_duo_partner/,self,Connect
17f6tp9,"Sea Server
Ranked (Guardian-Archon)
Any pos okay.",Looking for Players,DOTA 2,https://www.reddit.com/r/DotA2/comments/17f6tp9/looking_for_players/,self,Connect
17y0hr9,Anyone want to join our party for ranked 5 man?,ooking for 5th man for right now,DOTA 2,https://www.reddit.com/r/DotA2/comments/17y0hr9/looking_for_5th_man_for_right_now/,self,Connect
17preut,"I'm looking for an builders who take requests/commissions. I'm really bad at building, lol, so any recommendations would be appreciated!",Looking for Builders,SIMS,https://www.reddit.com/r/Sims4/comments/17preut/looking_for_builders/,self,Connect
1818pjr,"(this isnt actually NSFW!! i just thought maybe only older players would see it) Hi, I am 25 and looking for other adult roblox players to befriend and play games with! I love playing the two player obbies but kinda have to wait until someone good joins so we can play together.","Adult Roblox players, lets be friends!",ROBLOX,https://www.reddit.com/r/roblox/comments/1818pjr/adult_roblox_players_lets_be_friends/,self,Connect
17yuist,"My mains rank is revered ruler but THB I got carried by Xiaoyu a bit and lack some fundamentals still so I wanna practice I could play long seshions too.

PS5, please PM me or lemme know if any1 fancy","Looking for some chill players (Rulers and up preferably but lower ranks fine2) for some nice sessions (like ft3, ft 10 and stuff)",TEKKEN,https://www.reddit.com/r/Tekken/comments/17yuist/looking_for_some_chill_players_rulers_and_up/,self,Connect
17edojc,"Been playing about a year, slowly but surely, currently in post stormblood. I usually play Sunday-Thursday. Haven't been consistently playing every week, either doing other things or lack of motivation. Plan on playing as often as I can, if there are others who would also like a solid friend to hang out with and chat. Feel free to message me. I have discord as well :)","In jenova, looking for genuine friends in ffxiv",FINAL FANTASY,https://www.reddit.com/r/FinalFantasy/comments/17edojc/in_jenova_looking_for_genuine_friends_in_ffxiv/,self,Connect
17eti5y,"so I've been looking for this video for a while, but can't seem to find it. it is very similar to the inside the mind of a mario, ridley k. rool players, however for olimar



i remember one of the lines in it was something simlar to ""the only thing worse than leading pikmin is being the feeble little nerd who got his ass whopped by them""



can anyone help me find this video by chance if you know what I am talking about?",trying to find a video,SUPER SMASH BRO,https://www.reddit.com/r/supersmashbros/comments/17eti5y/trying_to_find_a_video/,self,Connect
17qa9f8,"Hello, im 23f and Im fairly new to Phas! Im still learning so I may need some help along the way. Send me a message if you're interested in playing!",Looking for someone to play!,PHASMOPHOBIA,https://www.reddit.com/r/PhasmophobiaGame/comments/17qa9f8/looking_for_someone_to_play/,self,Connect
17v9tsu,yo ps5 looking for some folks to grind with specifically nightmare dungeons,looking for peeps to play with,DIABLO 4,https://www.reddit.com/r/diablo4/comments/17v9tsu/looking_for_peeps_to_play_with/,self,Connect
17qzlc9,"Looking for servers that are like Prodigy RP, RushHour RP, and New Energy RP (NERP) because I like the plethora of ways you can make money like grinding boosts, robbing stores, Yacht heists, and other things like this. Im looking to make RP out of it too so servers that are half rp and half economy based. Im also wanting to be able to stream whenever Im playing so please let me know if you know of any or own one, even if they are white listed! Im not picky about things like that.",Looking for Server Like These,GTA 5,https://www.reddit.com/r/GTA/comments/17qzlc9/looking_for_server_like_these/,self,Connect
17fxj8i,Heya all ever since Ive started Monster hunter rise/Sunbreak every time I allow other hunters to join experienced hunter level 100+ are so trash the more experienced players that join the more they faint its always a hunter thats using a great sword or dual blades so sick of the experienced players,Looking for low level hunters,MONSTER HUNTER,https://www.reddit.com/r/MonsterHunter/comments/17fxj8i/looking_for_low_level_hunters/,self,Connect
17ri32j,"I have been playing this game for a few years and honestly, Im tired of playing with randoms. I usually have to run Roam because no one knows how to tank properly in the lobby. I was wondering if this would be a good platform to ask if anyone is looking for people to play with. I would love to play with a mic and run ranked with a squad. Thank you!",Looking for People to Play With,MOBILE LEGENDS,https://www.reddit.com/r/MobileLegendsGame/comments/17ri32j/looking_for_people_to_play_with/,self,Connect
17ocgoa, ,Looking for pro am or rec teammates ps5,NBA,https://www.reddit.com/r/NBA2k/comments/17ocgoa/looking_for_pro_am_or_rec_teammates_ps5/,https://preview.redd.it/se3ev0yubjyb1.jpg?width=960&crop=smart&auto=webp&s=027ef0c0749c434cbacf2400160670bdaba68e41,Connect
17ap666,"Hi guys! I have a goal in mind and I need help. I want to achieve all of the steam achievements but unfortunately some of the tasks is hard for me to get 3 stars so I need a more advance player to partner with. If anyone is interested let me know.

(I already did 51/137 achievements)",Looking for a partner in game,FORZA HORIZON 5,https://www.reddit.com/r/ForzaHorizon/comments/17ap666/looking_for_a_partner_in_game/,self,Connect
17lcvq9,  ,I held a tournament of my minigame in a vanilla survival server!,MINECRAFT,https://www.reddit.com/r/Minecraft/comments/17lcvq9/i_held_a_tournament_of_my_minigame_in_a_vanilla/,https://external-preview.redd.it/qRYWqk6hE2cfOGuUlDknSAKUBAVNftUNi8TDYTlqvKQ.png?width=960&crop=smart&format=pjpg&auto=webp&s=d90b1534d92a5267c9952f01443145e859f15fa5,Tournament
17zcbnb,https://www.vlr.gg/event/1878/red-bull-campus-clutch-2023-world-finals,"[Tournament Announcement] Red Bull Campus Clutch 2023 - World Finals begins TOMORROW Nov 21, prize pool is $21,213",VALORANT,https://www.reddit.com/r/VALORANT/comments/17zcbnb/tournament_announcement_red_bull_campus_clutch/,,Tournament
17rwpp7,https://www.vlr.gg/event/1843/college-valorant-south-fall-2023,"[Tournament Announcement] College VALORANT South: Fall 2023 begins TOMORROW Nov 11, prize pool is $10,000",VALORANT,https://www.reddit.com/r/VALORANT/comments/17rwpp7/tournament_announcement_college_valorant_south/,,Tournament
17f6m5g,https://www.vlr.gg/event/1864/ta-a-das-minas-6,"[Tournament Announcement] Ta§a das Minas #6 begins TOMORROW Oct 25, prize pool is $6,140",VALORANT,https://www.reddit.com/r/VALORANT/comments/17f6m5g/tournament_announcement_ta%C3%A7a_das_minas_6_begins/,,Tournament
180bmod,"Announcing OneQode Frontier CS2: presented by LetsPlayLive

 Asia-Pacific Counter-Strike 2 League $6000 USD Prize Pool  @OneQode Guam Servers Live SF & GF Broadcast

Registrations are open now, closing November 24th

FrontierCS2 | #LPLCS",APAC Tournament - No Registration Fee!,COUNTER STRIKE,https://www.reddit.com/r/counterstrike/comments/180bmod/apac_tournament_no_registration_fee/,,Tournament
17hoj67,Hey guys We're organising a private room tournament. Solo Free entry. Middle East server prizes in usd Begins in few min from now Room id : 9053434 Pass : oct27 Join NOWW,Private match,PUBG,https://www.reddit.com/r/PUBGMobile/comments/17hoj67/private_match/,,Tournament
17xd8o5, , Welcome to The Gaffer's Series - Elite Eights Tournament ,FOOTBALL MANAGER,https://www.reddit.com/r/footballmanagergames/comments/17xd8o5/welcome_to_the_gaffers_series_elite_eights/,,Tournament
1797s8q,https://medium.com/faceit-blog/announcing-faceits-rocket-league-offseason-open-in-europe-win-your-share-of-10-000-and-have-fun-d568b7138f64,"Win your share of 10,000 in the FACEIT OFFSEASON OPEN as we test the waters with a big cash tournament in Europe!",ROCKET LEAGUE,https://www.reddit.com/r/RocketLeagueEsports/comments/1797s8q/win_your_share_of_10000_in_the_faceit_offseason/,,Tournament
17omr6x, ,Rizzo announces 2v2 tournament SOLOQ,ROCKET LEAGUE,https://www.reddit.com/r/RocketLeague/comments/17omr6x/rizzo_announces_2v2_tournament_soloq/,https://i.redd.it/ibuhhwvo1lyb1.png,Tournament
17z3ua1,"ESPORTS HISTORY 

The #Worlds2023 Grand Final between @T1LoL and @WeiboGamingLoL gets over 6 MILLION PEAK VIEWERS!

Worlds Stats (excluding Chinese platforms) and more:

https://escharts.com/news/worlds-2023-recap?utm_campaign=news_posts&utm_medium=esc_socials&utm_term=2023_11_19

Tweet source: https://twitter.com/EsportsCharts/status/1726202361868349506

For comparison:

Top 5 Most Popular LoL Worlds tournaments:
Worlds2023 - 6.4M Peak Viewers
Worlds2022 - 5.1M Peak Viewers
Worlds2021 - 4M Peak Viewers
Worlds2019 - 3.9M Peak Viewers
Worlds2020 - 3.8M Peak Viewers","[Esports Charts] 6,402,760 Peak Viewership between T1 vs WBG @ #WORLDS2023 Grand Finals. Making it the most popular match in Esports history and the most popular Esports event of all time!",LEAGUE OF LEGENDS,https://www.reddit.com/r/leagueoflegends/comments/17z3ua1/esports_charts_6402760_peak_viewership_between_t1/,,Tournament
17l3vwh, ,"another tournament before esl ( alliance, lgd, og and one closed qualifier team)",DOTA 2,https://www.reddit.com/r/DotA2/comments/17l3vwh/another_tournament_before_esl_alliance_lgd_og_and/,,Tournament
17npgq4,"we have mini tournament here at Philippine currently 32 teams has been registered and already in semi finals bracket. currently prize pool is 407$ or 22,000.00 pesos and we are planing to expand please support us! if you want to donate more or sponsor us in future please contact us!

https://www.facebook.com/sevvvdotes

edit: phillipines to Philippines",we are currently having a mini tournament here at philippines i would like get your support please!,DOTA 2,https://www.reddit.com/r/DotA2/comments/17npgq4/we_are_currently_having_a_mini_tournament_here_at/,,Tournament
17zw70y,"I am hosting a tourment open to anyone on November 26th (this upcoming Sunday) named Smash Ultimatum. Prize pot will range from 10 to 15 to 25 dollars depending on the amount of participants, and payout will be made through Zelle or Cashapp. If you are interested, please participate.Â https://www.start.gg/tournament/smash-ultimatum/details",Ultimate Tournament - Smash Ultimatum,SUPER SMASH BRO,https://www.reddit.com/r/supersmashbros/comments/17zw70y/ultimate_tournament_smash_ultimatum/,,Tournament
180pqv3,"Hi Everybody! National Esports Tournament is hosting a North American online event and we are currently seeking a few more teams.

Players will now have a chance to win in-game currency alongside NEST points in the upcoming tournament.

If you are interested please sign up here on our google forms:

https://forms.gle/5rurkoXYwiwrDFZ88

If you have any questions or concerns you can contact us at contact@nesthq.ca

National Esports Tournament

nesthq.ca",North American Tournament - Seeking teams ASAP,MOBILE LEGENDS,https://www.reddit.com/r/MobileLegendsGame/comments/180pqv3/north_american_tournament_seeking_teams_asap/,,Tournament
